sequence_id,sequence,state_path
1,OCOCOXX,S(0, 0, 0) -> S(1, 0, 0) -> S(1, 1, 0) -> S(2, 1, 0) -> S(2, 2, 0) -> S(3, 2, 0) -> S(3, 2, 1) -> S(3, 2, 2)
2,OCOCXOX,S(0, 0, 0) -> S(1, 0, 0) -> S(1, 1, 0) -> S(2, 1, 0) -> S(2, 2, 0) -> S(2, 2, 1) -> S(3, 2, 1) -> S(3, 2, 2)
3,OCOCXXO,S(0, 0, 0) -> S(1, 0, 0) -> S(1, 1, 0) -> S(2, 1, 0) -> S(2, 2, 0) -> S(2, 2, 1) -> S(2, 2, 2) -> S(3, 2, 2)
4,OCOOCXX,S(0, 0, 0) -> S(1, 0, 0) -> S(1, 1, 0) -> S(2, 1, 0) -> S(3, 1, 0) -> S(3, 2, 0) -> S(3, 2, 1) -> S(3, 2, 2)
5,OCOOXCX,S(0, 0, 0) -> S(1, 0, 0) -> S(1, 1, 0) -> S(2, 1, 0) -> S(3, 1, 0) -> S(3, 1, 1) -> S(3, 2, 1) -> S(3, 2, 2)
6,OCOOXXC,S(0, 0, 0) -> S(1, 0, 0) -> S(1, 1, 0) -> S(2, 1, 0) -> S(3, 1, 0) -> S(3, 1, 1) -> S(3, 1, 2) -> S(3, 2, 2)
7,OCOXCOX,S(0, 0, 0) -> S(1, 0, 0) -> S(1, 1, 0) -> S(2, 1, 0) -> S(2, 1, 1) -> S(2, 2, 1) -> S(3, 2, 1) -> S(3, 2, 2)
8,OCOXCXO,S(0, 0, 0) -> S(1, 0, 0) -> S(1, 1, 0) -> S(2, 1, 0) -> S(2, 1, 1) -> S(2, 2, 1) -> S(2, 2, 2) -> S(3, 2, 2)
9,OCOXOCX,S(0, 0, 0) -> S(1, 0, 0) -> S(1, 1, 0) -> S(2, 1, 0) -> S(2, 1, 1) -> S(3, 1, 1) -> S(3, 2, 1) -> S(3, 2, 2)
10,OCOXOXC,S(0, 0, 0) -> S(1, 0, 0) -> S(1, 1, 0) -> S(2, 1, 0) -> S(2, 1, 1) -> S(3, 1, 1) -> S(3, 1, 2) -> S(3, 2, 2)
11,OCOXXCO,S(0, 0, 0) -> S(1, 0, 0) -> S(1, 1, 0) -> S(2, 1, 0) -> S(2, 1, 1) -> S(2, 1, 2) -> S(2, 2, 2) -> S(3, 2, 2)
12,OCOXXOC,S(0, 0, 0) -> S(1, 0, 0) -> S(1, 1, 0) -> S(2, 1, 0) -> S(2, 1, 1) -> S(2, 1, 2) -> S(3, 1, 2) -> S(3, 2, 2)
13,OCXOCOX,S(0, 0, 0) -> S(1, 0, 0) -> S(1, 1, 0) -> S(1, 1, 1) -> S(2, 1, 1) -> S(2, 2, 1) -> S(3, 2, 1) -> S(3, 2, 2)
14,OCXOCXO,S(0, 0, 0) -> S(1, 0, 0) -> S(1, 1, 0) -> S(1, 1, 1) -> S(2, 1, 1) -> S(2, 2, 1) -> S(2, 2, 2) -> S(3, 2, 2)
15,OCXOOCX,S(0, 0, 0) -> S(1, 0, 0) -> S(1, 1, 0) -> S(1, 1, 1) -> S(2, 1, 1) -> S(3, 1, 1) -> S(3, 2, 1) -> S(3, 2, 2)
16,OCXOOXC,S(0, 0, 0) -> S(1, 0, 0) -> S(1, 1, 0) -> S(1, 1, 1) -> S(2, 1, 1) -> S(3, 1, 1) -> S(3, 1, 2) -> S(3, 2, 2)
17,OCXOXCO,S(0, 0, 0) -> S(1, 0, 0) -> S(1, 1, 0) -> S(1, 1, 1) -> S(2, 1, 1) -> S(2, 1, 2) -> S(2, 2, 2) -> S(3, 2, 2)
18,OCXOXOC,S(0, 0, 0) -> S(1, 0, 0) -> S(1, 1, 0) -> S(1, 1, 1) -> S(2, 1, 1) -> S(2, 1, 2) -> S(3, 1, 2) -> S(3, 2, 2)
19,OCXXOCO,S(0, 0, 0) -> S(1, 0, 0) -> S(1, 1, 0) -> S(1, 1, 1) -> S(1, 1, 2) -> S(2, 1, 2) -> S(2, 2, 2) -> S(3, 2, 2)
20,OCXXOOC,S(0, 0, 0) -> S(1, 0, 0) -> S(1, 1, 0) -> S(1, 1, 1) -> S(1, 1, 2) -> S(2, 1, 2) -> S(3, 1, 2) -> S(3, 2, 2)
21,OOCCOXX,S(0, 0, 0) -> S(1, 0, 0) -> S(2, 0, 0) -> S(2, 1, 0) -> S(2, 2, 0) -> S(3, 2, 0) -> S(3, 2, 1) -> S(3, 2, 2)
22,OOCCXOX,S(0, 0, 0) -> S(1, 0, 0) -> S(2, 0, 0) -> S(2, 1, 0) -> S(2, 2, 0) -> S(2, 2, 1) -> S(3, 2, 1) -> S(3, 2, 2)
23,OOCCXXO,S(0, 0, 0) -> S(1, 0, 0) -> S(2, 0, 0) -> S(2, 1, 0) -> S(2, 2, 0) -> S(2, 2, 1) -> S(2, 2, 2) -> S(3, 2, 2)
24,OOCOCXX,S(0, 0, 0) -> S(1, 0, 0) -> S(2, 0, 0) -> S(2, 1, 0) -> S(3, 1, 0) -> S(3, 2, 0) -> S(3, 2, 1) -> S(3, 2, 2)
25,OOCOXCX,S(0, 0, 0) -> S(1, 0, 0) -> S(2, 0, 0) -> S(2, 1, 0) -> S(3, 1, 0) -> S(3, 1, 1) -> S(3, 2, 1) -> S(3, 2, 2)
26,OOCOXXC,S(0, 0, 0) -> S(1, 0, 0) -> S(2, 0, 0) -> S(2, 1, 0) -> S(3, 1, 0) -> S(3, 1, 1) -> S(3, 1, 2) -> S(3, 2, 2)
27,OOCXCOX,S(0, 0, 0) -> S(1, 0, 0) -> S(2, 0, 0) -> S(2, 1, 0) -> S(2, 1, 1) -> S(2, 2, 1) -> S(3, 2, 1) -> S(3, 2, 2)
28,OOCXCXO,S(0, 0, 0) -> S(1, 0, 0) -> S(2, 0, 0) -> S(2, 1, 0) -> S(2, 1, 1) -> S(2, 2, 1) -> S(2, 2, 2) -> S(3, 2, 2)
29,OOCXOCX,S(0, 0, 0) -> S(1, 0, 0) -> S(2, 0, 0) -> S(2, 1, 0) -> S(2, 1, 1) -> S(3, 1, 1) -> S(3, 2, 1) -> S(3, 2, 2)
30,OOCXOXC,S(0, 0, 0) -> S(1, 0, 0) -> S(2, 0, 0) -> S(2, 1, 0) -> S(2, 1, 1) -> S(3, 1, 1) -> S(3, 1, 2) -> S(3, 2, 2)
31,OOCXXCO,S(0, 0, 0) -> S(1, 0, 0) -> S(2, 0, 0) -> S(2, 1, 0) -> S(2, 1, 1) -> S(2, 1, 2) -> S(2, 2, 2) -> S(3, 2, 2)
32,OOCXXOC,S(0, 0, 0) -> S(1, 0, 0) -> S(2, 0, 0) -> S(2, 1, 0) -> S(2, 1, 1) -> S(2, 1, 2) -> S(3, 1, 2) -> S(3, 2, 2)
33,OOOCCXX,S(0, 0, 0) -> S(1, 0, 0) -> S(2, 0, 0) -> S(3, 0, 0) -> S(3, 1, 0) -> S(3, 2, 0) -> S(3, 2, 1) -> S(3, 2, 2)
34,OOOCXCX,S(0, 0, 0) -> S(1, 0, 0) -> S(2, 0, 0) -> S(3, 0, 0) -> S(3, 1, 0) -> S(3, 1, 1) -> S(3, 2, 1) -> S(3, 2, 2)
35,OOOCXXC,S(0, 0, 0) -> S(1, 0, 0) -> S(2, 0, 0) -> S(3, 0, 0) -> S(3, 1, 0) -> S(3, 1, 1) -> S(3, 1, 2) -> S(3, 2, 2)
36,OOOXCCX,S(0, 0, 0) -> S(1, 0, 0) -> S(2, 0, 0) -> S(3, 0, 0) -> S(3, 0, 1) -> S(3, 1, 1) -> S(3, 2, 1) -> S(3, 2, 2)
37,OOOXCXC,S(0, 0, 0) -> S(1, 0, 0) -> S(2, 0, 0) -> S(3, 0, 0) -> S(3, 0, 1) -> S(3, 1, 1) -> S(3, 1, 2) -> S(3, 2, 2)
38,OOOXXCC,S(0, 0, 0) -> S(1, 0, 0) -> S(2, 0, 0) -> S(3, 0, 0) -> S(3, 0, 1) -> S(3, 0, 2) -> S(3, 1, 2) -> S(3, 2, 2)
39,OOXCCOX,S(0, 0, 0) -> S(1, 0, 0) -> S(2, 0, 0) -> S(2, 0, 1) -> S(2, 1, 1) -> S(2, 2, 1) -> S(3, 2, 1) -> S(3, 2, 2)
40,OOXCCXO,S(0, 0, 0) -> S(1, 0, 0) -> S(2, 0, 0) -> S(2, 0, 1) -> S(2, 1, 1) -> S(2, 2, 1) -> S(2, 2, 2) -> S(3, 2, 2)
41,OOXCOCX,S(0, 0, 0) -> S(1, 0, 0) -> S(2, 0, 0) -> S(2, 0, 1) -> S(2, 1, 1) -> S(3, 1, 1) -> S(3, 2, 1) -> S(3, 2, 2)
42,OOXCOXC,S(0, 0, 0) -> S(1, 0, 0) -> S(2, 0, 0) -> S(2, 0, 1) -> S(2, 1, 1) -> S(3, 1, 1) -> S(3, 1, 2) -> S(3, 2, 2)
43,OOXCXCO,S(0, 0, 0) -> S(1, 0, 0) -> S(2, 0, 0) -> S(2, 0, 1) -> S(2, 1, 1) -> S(2, 1, 2) -> S(2, 2, 2) -> S(3, 2, 2)
44,OOXCXOC,S(0, 0, 0) -> S(1, 0, 0) -> S(2, 0, 0) -> S(2, 0, 1) -> S(2, 1, 1) -> S(2, 1, 2) -> S(3, 1, 2) -> S(3, 2, 2)
45,OOXOCCX,S(0, 0, 0) -> S(1, 0, 0) -> S(2, 0, 0) -> S(2, 0, 1) -> S(3, 0, 1) -> S(3, 1, 1) -> S(3, 2, 1) -> S(3, 2, 2)
46,OOXOCXC,S(0, 0, 0) -> S(1, 0, 0) -> S(2, 0, 0) -> S(2, 0, 1) -> S(3, 0, 1) -> S(3, 1, 1) -> S(3, 1, 2) -> S(3, 2, 2)
47,OOXOXCC,S(0, 0, 0) -> S(1, 0, 0) -> S(2, 0, 0) -> S(2, 0, 1) -> S(3, 0, 1) -> S(3, 0, 2) -> S(3, 1, 2) -> S(3, 2, 2)
48,OOXXCCO,S(0, 0, 0) -> S(1, 0, 0) -> S(2, 0, 0) -> S(2, 0, 1) -> S(2, 0, 2) -> S(2, 1, 2) -> S(2, 2, 2) -> S(3, 2, 2)
49,OOXXCOC,S(0, 0, 0) -> S(1, 0, 0) -> S(2, 0, 0) -> S(2, 0, 1) -> S(2, 0, 2) -> S(2, 1, 2) -> S(3, 1, 2) -> S(3, 2, 2)
50,OOXXOCC,S(0, 0, 0) -> S(1, 0, 0) -> S(2, 0, 0) -> S(2, 0, 1) -> S(2, 0, 2) -> S(3, 0, 2) -> S(3, 1, 2) -> S(3, 2, 2)
51,OXCOCOX,S(0, 0, 0) -> S(1, 0, 0) -> S(1, 0, 1) -> S(1, 1, 1) -> S(2, 1, 1) -> S(2, 2, 1) -> S(3, 2, 1) -> S(3, 2, 2)
52,OXCOCXO,S(0, 0, 0) -> S(1, 0, 0) -> S(1, 0, 1) -> S(1, 1, 1) -> S(2, 1, 1) -> S(2, 2, 1) -> S(2, 2, 2) -> S(3, 2, 2)
53,OXCOOCX,S(0, 0, 0) -> S(1, 0, 0) -> S(1, 0, 1) -> S(1, 1, 1) -> S(2, 1, 1) -> S(3, 1, 1) -> S(3, 2, 1) -> S(3, 2, 2)
54,OXCOOXC,S(0, 0, 0) -> S(1, 0, 0) -> S(1, 0, 1) -> S(1, 1, 1) -> S(2, 1, 1) -> S(3, 1, 1) -> S(3, 1, 2) -> S(3, 2, 2)
55,OXCOXCO,S(0, 0, 0) -> S(1, 0, 0) -> S(1, 0, 1) -> S(1, 1, 1) -> S(2, 1, 1) -> S(2, 1, 2) -> S(2, 2, 2) -> S(3, 2, 2)
56,OXCOXOC,S(0, 0, 0) -> S(1, 0, 0) -> S(1, 0, 1) -> S(1, 1, 1) -> S(2, 1, 1) -> S(2, 1, 2) -> S(3, 1, 2) -> S(3, 2, 2)
57,OXCXOCO,S(0, 0, 0) -> S(1, 0, 0) -> S(1, 0, 1) -> S(1, 1, 1) -> S(1, 1, 2) -> S(2, 1, 2) -> S(2, 2, 2) -> S(3, 2, 2)
58,OXCXOOC,S(0, 0, 0) -> S(1, 0, 0) -> S(1, 0, 1) -> S(1, 1, 1) -> S(1, 1, 2) -> S(2, 1, 2) -> S(3, 1, 2) -> S(3, 2, 2)
59,OXOCCOX,S(0, 0, 0) -> S(1, 0, 0) -> S(1, 0, 1) -> S(2, 0, 1) -> S(2, 1, 1) -> S(2, 2, 1) -> S(3, 2, 1) -> S(3, 2, 2)
60,OXOCCXO,S(0, 0, 0) -> S(1, 0, 0) -> S(1, 0, 1) -> S(2, 0, 1) -> S(2, 1, 1) -> S(2, 2, 1) -> S(2, 2, 2) -> S(3, 2, 2)
61,OXOCOCX,S(0, 0, 0) -> S(1, 0, 0) -> S(1, 0, 1) -> S(2, 0, 1) -> S(2, 1, 1) -> S(3, 1, 1) -> S(3, 2, 1) -> S(3, 2, 2)
62,OXOCOXC,S(0, 0, 0) -> S(1, 0, 0) -> S(1, 0, 1) -> S(2, 0, 1) -> S(2, 1, 1) -> S(3, 1, 1) -> S(3, 1, 2) -> S(3, 2, 2)
63,OXOCXCO,S(0, 0, 0) -> S(1, 0, 0) -> S(1, 0, 1) -> S(2, 0, 1) -> S(2, 1, 1) -> S(2, 1, 2) -> S(2, 2, 2) -> S(3, 2, 2)
64,OXOCXOC,S(0, 0, 0) -> S(1, 0, 0) -> S(1, 0, 1) -> S(2, 0, 1) -> S(2, 1, 1) -> S(2, 1, 2) -> S(3, 1, 2) -> S(3, 2, 2)
65,OXOOCCX,S(0, 0, 0) -> S(1, 0, 0) -> S(1, 0, 1) -> S(2, 0, 1) -> S(3, 0, 1) -> S(3, 1, 1) -> S(3, 2, 1) -> S(3, 2, 2)
66,OXOOCXC,S(0, 0, 0) -> S(1, 0, 0) -> S(1, 0, 1) -> S(2, 0, 1) -> S(3, 0, 1) -> S(3, 1, 1) -> S(3, 1, 2) -> S(3, 2, 2)
67,OXOOXCC,S(0, 0, 0) -> S(1, 0, 0) -> S(1, 0, 1) -> S(2, 0, 1) -> S(3, 0, 1) -> S(3, 0, 2) -> S(3, 1, 2) -> S(3, 2, 2)
68,OXOXCCO,S(0, 0, 0) -> S(1, 0, 0) -> S(1, 0, 1) -> S(2, 0, 1) -> S(2, 0, 2) -> S(2, 1, 2) -> S(2, 2, 2) -> S(3, 2, 2)
69,OXOXCOC,S(0, 0, 0) -> S(1, 0, 0) -> S(1, 0, 1) -> S(2, 0, 1) -> S(2, 0, 2) -> S(2, 1, 2) -> S(3, 1, 2) -> S(3, 2, 2)
70,OXOXOCC,S(0, 0, 0) -> S(1, 0, 0) -> S(1, 0, 1) -> S(2, 0, 1) -> S(2, 0, 2) -> S(3, 0, 2) -> S(3, 1, 2) -> S(3, 2, 2)
71,OXXCOCO,S(0, 0, 0) -> S(1, 0, 0) -> S(1, 0, 1) -> S(1, 0, 2) -> S(1, 1, 2) -> S(2, 1, 2) -> S(2, 2, 2) -> S(3, 2, 2)
72,OXXCOOC,S(0, 0, 0) -> S(1, 0, 0) -> S(1, 0, 1) -> S(1, 0, 2) -> S(1, 1, 2) -> S(2, 1, 2) -> S(3, 1, 2) -> S(3, 2, 2)
73,OXXOCCO,S(0, 0, 0) -> S(1, 0, 0) -> S(1, 0, 1) -> S(1, 0, 2) -> S(2, 0, 2) -> S(2, 1, 2) -> S(2, 2, 2) -> S(3, 2, 2)
74,OXXOCOC,S(0, 0, 0) -> S(1, 0, 0) -> S(1, 0, 1) -> S(1, 0, 2) -> S(2, 0, 2) -> S(2, 1, 2) -> S(3, 1, 2) -> S(3, 2, 2)
75,OXXOOCC,S(0, 0, 0) -> S(1, 0, 0) -> S(1, 0, 1) -> S(1, 0, 2) -> S(2, 0, 2) -> S(3, 0, 2) -> S(3, 1, 2) -> S(3, 2, 2)
76,XOCOCOX,S(0, 0, 0) -> S(0, 0, 1) -> S(1, 0, 1) -> S(1, 1, 1) -> S(2, 1, 1) -> S(2, 2, 1) -> S(3, 2, 1) -> S(3, 2, 2)
77,XOCOCXO,S(0, 0, 0) -> S(0, 0, 1) -> S(1, 0, 1) -> S(1, 1, 1) -> S(2, 1, 1) -> S(2, 2, 1) -> S(2, 2, 2) -> S(3, 2, 2)
78,XOCOOCX,S(0, 0, 0) -> S(0, 0, 1) -> S(1, 0, 1) -> S(1, 1, 1) -> S(2, 1, 1) -> S(3, 1, 1) -> S(3, 2, 1) -> S(3, 2, 2)
79,XOCOOXC,S(0, 0, 0) -> S(0, 0, 1) -> S(1, 0, 1) -> S(1, 1, 1) -> S(2, 1, 1) -> S(3, 1, 1) -> S(3, 1, 2) -> S(3, 2, 2)
80,XOCOXCO,S(0, 0, 0) -> S(0, 0, 1) -> S(1, 0, 1) -> S(1, 1, 1) -> S(2, 1, 1) -> S(2, 1, 2) -> S(2, 2, 2) -> S(3, 2, 2)
81,XOCOXOC,S(0, 0, 0) -> S(0, 0, 1) -> S(1, 0, 1) -> S(1, 1, 1) -> S(2, 1, 1) -> S(2, 1, 2) -> S(3, 1, 2) -> S(3, 2, 2)
82,XOCXOCO,S(0, 0, 0) -> S(0, 0, 1) -> S(1, 0, 1) -> S(1, 1, 1) -> S(1, 1, 2) -> S(2, 1, 2) -> S(2, 2, 2) -> S(3, 2, 2)
83,XOCXOOC,S(0, 0, 0) -> S(0, 0, 1) -> S(1, 0, 1) -> S(1, 1, 1) -> S(1, 1, 2) -> S(2, 1, 2) -> S(3, 1, 2) -> S(3, 2, 2)
84,XOOCCOX,S(0, 0, 0) -> S(0, 0, 1) -> S(1, 0, 1) -> S(2, 0, 1) -> S(2, 1, 1) -> S(2, 2, 1) -> S(3, 2, 1) -> S(3, 2, 2)
85,XOOCCXO,S(0, 0, 0) -> S(0, 0, 1) -> S(1, 0, 1) -> S(2, 0, 1) -> S(2, 1, 1) -> S(2, 2, 1) -> S(2, 2, 2) -> S(3, 2, 2)
86,XOOCOCX,S(0, 0, 0) -> S(0, 0, 1) -> S(1, 0, 1) -> S(2, 0, 1) -> S(2, 1, 1) -> S(3, 1, 1) -> S(3, 2, 1) -> S(3, 2, 2)
87,XOOCOXC,S(0, 0, 0) -> S(0, 0, 1) -> S(1, 0, 1) -> S(2, 0, 1) -> S(2, 1, 1) -> S(3, 1, 1) -> S(3, 1, 2) -> S(3, 2, 2)
88,XOOCXCO,S(0, 0, 0) -> S(0, 0, 1) -> S(1, 0, 1) -> S(2, 0, 1) -> S(2, 1, 1) -> S(2, 1, 2) -> S(2, 2, 2) -> S(3, 2, 2)
89,XOOCXOC,S(0, 0, 0) -> S(0, 0, 1) -> S(1, 0, 1) -> S(2, 0, 1) -> S(2, 1, 1) -> S(2, 1, 2) -> S(3, 1, 2) -> S(3, 2, 2)
90,XOOOCCX,S(0, 0, 0) -> S(0, 0, 1) -> S(1, 0, 1) -> S(2, 0, 1) -> S(3, 0, 1) -> S(3, 1, 1) -> S(3, 2, 1) -> S(3, 2, 2)
91,XOOOCXC,S(0, 0, 0) -> S(0, 0, 1) -> S(1, 0, 1) -> S(2, 0, 1) -> S(3, 0, 1) -> S(3, 1, 1) -> S(3, 1, 2) -> S(3, 2, 2)
92,XOOOXCC,S(0, 0, 0) -> S(0, 0, 1) -> S(1, 0, 1) -> S(2, 0, 1) -> S(3, 0, 1) -> S(3, 0, 2) -> S(3, 1, 2) -> S(3, 2, 2)
93,XOOXCCO,S(0, 0, 0) -> S(0, 0, 1) -> S(1, 0, 1) -> S(2, 0, 1) -> S(2, 0, 2) -> S(2, 1, 2) -> S(2, 2, 2) -> S(3, 2, 2)
94,XOOXCOC,S(0, 0, 0) -> S(0, 0, 1) -> S(1, 0, 1) -> S(2, 0, 1) -> S(2, 0, 2) -> S(2, 1, 2) -> S(3, 1, 2) -> S(3, 2, 2)
95,XOOXOCC,S(0, 0, 0) -> S(0, 0, 1) -> S(1, 0, 1) -> S(2, 0, 1) -> S(2, 0, 2) -> S(3, 0, 2) -> S(3, 1, 2) -> S(3, 2, 2)
96,XOXCOCO,S(0, 0, 0) -> S(0, 0, 1) -> S(1, 0, 1) -> S(1, 0, 2) -> S(1, 1, 2) -> S(2, 1, 2) -> S(2, 2, 2) -> S(3, 2, 2)
97,XOXCOOC,S(0, 0, 0) -> S(0, 0, 1) -> S(1, 0, 1) -> S(1, 0, 2) -> S(1, 1, 2) -> S(2, 1, 2) -> S(3, 1, 2) -> S(3, 2, 2)
98,XOXOCCO,S(0, 0, 0) -> S(0, 0, 1) -> S(1, 0, 1) -> S(1, 0, 2) -> S(2, 0, 2) -> S(2, 1, 2) -> S(2, 2, 2) -> S(3, 2, 2)
99,XOXOCOC,S(0, 0, 0) -> S(0, 0, 1) -> S(1, 0, 1) -> S(1, 0, 2) -> S(2, 0, 2) -> S(2, 1, 2) -> S(3, 1, 2) -> S(3, 2, 2)
100,XOXOOCC,S(0, 0, 0) -> S(0, 0, 1) -> S(1, 0, 1) -> S(1, 0, 2) -> S(2, 0, 2) -> S(3, 0, 2) -> S(3, 1, 2) -> S(3, 2, 2)
101,XXOCOCO,S(0, 0, 0) -> S(0, 0, 1) -> S(0, 0, 2) -> S(1, 0, 2) -> S(1, 1, 2) -> S(2, 1, 2) -> S(2, 2, 2) -> S(3, 2, 2)
102,XXOCOOC,S(0, 0, 0) -> S(0, 0, 1) -> S(0, 0, 2) -> S(1, 0, 2) -> S(1, 1, 2) -> S(2, 1, 2) -> S(3, 1, 2) -> S(3, 2, 2)
103,XXOOCCO,S(0, 0, 0) -> S(0, 0, 1) -> S(0, 0, 2) -> S(1, 0, 2) -> S(2, 0, 2) -> S(2, 1, 2) -> S(2, 2, 2) -> S(3, 2, 2)
104,XXOOCOC,S(0, 0, 0) -> S(0, 0, 1) -> S(0, 0, 2) -> S(1, 0, 2) -> S(2, 0, 2) -> S(2, 1, 2) -> S(3, 1, 2) -> S(3, 2, 2)
105,XXOOOCC,S(0, 0, 0) -> S(0, 0, 1) -> S(0, 0, 2) -> S(1, 0, 2) -> S(2, 0, 2) -> S(3, 0, 2) -> S(3, 1, 2) -> S(3, 2, 2)
