scan_axis,fixed_chemical_potential_eV,equal_growth_crossing_eV
mu_H2O_at_fixed_mu_MnOH2,-2.65,-2.44312027
mu_H2O_at_fixed_mu_MnOH2,-2.65,-2.36527015
mu_H2O_at_fixed_mu_MnOH2,-2.6,-2.44312027
mu_H2O_at_fixed_mu_MnOH2,-2.6,-2.31527015
mu_H2O_at_fixed_mu_MnOH2,-2.55,-2.44312027
mu_H2O_at_fixed_mu_MnOH2,-2.55,-2.26527015
mu_H2O_at_fixed_mu_MnOH2,-2.5,-2.44312027
mu_H2O_at_fixed_mu_MnOH2,-2.5,-2.21527015
mu_H2O_at_fixed_mu_MnOH2,-2.45,-2.44312027
mu_H2O_at_fixed_mu_MnOH2,-2.45,-2.16527015
mu_H2O_at_fixed_mu_MnOH2,-2.4,-2.44312027
mu_H2O_at_fixed_mu_MnOH2,-2.4,-2.11527015
mu_H2O_at_fixed_mu_MnOH2,-2.35,-2.44312027
mu_H2O_at_fixed_mu_MnOH2,-2.35,-2.06527015
mu_H2O_at_fixed_mu_MnOH2,-2.3,-2.44312027
mu_H2O_at_fixed_mu_MnOH2,-2.3,-2.01527015
mu_H2O_at_fixed_mu_MnOH2,-2.25,-2.44312027
mu_H2O_at_fixed_mu_MnOH2,-2.25,-1.96527015
mu_H2O_at_fixed_mu_MnOH2,-2.2,-2.44312027
mu_H2O_at_fixed_mu_MnOH2,-2.2,-1.92444775
mu_H2O_at_fixed_mu_MnOH2,-2.15,-2.44312027
mu_H2O_at_fixed_mu_MnOH2,-2.15,-1.88739491
mu_H2O_at_fixed_mu_MnOH2,-2.1,-2.44312027
mu_H2O_at_fixed_mu_MnOH2,-2.1,-1.87444775
mu_H2O_at_fixed_mu_MnOH2,-2.05,-2.44312027
mu_H2O_at_fixed_mu_MnOH2,-2.05,-1.83870648
mu_H2O_at_fixed_mu_MnOH2,-2,-2.44312027
mu_H2O_at_fixed_mu_MnOH2,-2,-1.82846659
mu_H2O_at_fixed_mu_MnOH2,-1.95,-2.44312027
mu_H2O_at_fixed_mu_MnOH2,-1.95,-1.82846659
mu_H2O_at_fixed_mu_MnOH2,-1.9,-2.44312027
mu_H2O_at_fixed_mu_MnOH2,-1.9,-1.82846659
mu_H2O_at_fixed_mu_MnOH2,-1.85,-2.44312027
mu_H2O_at_fixed_mu_MnOH2,-1.85,-1.82846659
mu_H2O_at_fixed_mu_MnOH2,-1.8,-2.44312027
mu_H2O_at_fixed_mu_MnOH2,-1.8,-1.82846659
mu_H2O_at_fixed_mu_MnOH2,-1.75,-2.44312027
mu_H2O_at_fixed_mu_MnOH2,-1.75,-1.82846659
mu_H2O_at_fixed_mu_MnOH2,-1.7,-2.44312027
mu_H2O_at_fixed_mu_MnOH2,-1.7,-1.82846659
mu_H2O_at_fixed_mu_MnOH2,-1.65,-2.44312027
mu_H2O_at_fixed_mu_MnOH2,-1.65,-1.82846659
mu_H2O_at_fixed_mu_MnOH2,-1.6,-2.44312027
mu_H2O_at_fixed_mu_MnOH2,-1.6,-1.82846659
mu_H2O_at_fixed_mu_MnOH2,-1.55,-2.44312027
mu_H2O_at_fixed_mu_MnOH2,-1.55,-1.82846659
mu_H2O_at_fixed_mu_MnOH2,-1.5,-2.44312027
mu_H2O_at_fixed_mu_MnOH2,-1.5,-1.82846659
mu_H2O_at_fixed_mu_MnOH2,-1.45,-2.44312027
mu_H2O_at_fixed_mu_MnOH2,-1.45,-1.82846659
mu_H2O_at_fixed_mu_MnOH2,-1.4,-2.44312027
mu_H2O_at_fixed_mu_MnOH2,-1.4,-1.82846659
mu_H2O_at_fixed_mu_MnOH2,-1.35,-2.44312027
mu_H2O_at_fixed_mu_MnOH2,-1.35,-1.82846659
mu_H2O_at_fixed_mu_MnOH2,-1.3,-2.44312027
mu_H2O_at_fixed_mu_MnOH2,-1.3,-1.82846659
mu_H2O_at_fixed_mu_MnOH2,-1.25,-2.44312027
mu_H2O_at_fixed_mu_MnOH2,-1.25,-1.82846659
mu_H2O_at_fixed_mu_MnOH2,-1.2,-2.44312027
mu_H2O_at_fixed_mu_MnOH2,-1.2,-1.82846659
mu_H2O_at_fixed_mu_MnOH2,-1.15,-2.44312027
mu_H2O_at_fixed_mu_MnOH2,-1.15,-1.82846659
mu_H2O_at_fixed_mu_MnOH2,-1.1,-2.44312027
mu_H2O_at_fixed_mu_MnOH2,-1.1,-1.82846659
mu_H2O_at_fixed_mu_MnOH2,-1.05,-1.82846659
mu_H2O_at_fixed_mu_MnOH2,-1,-1.80023235
mu_H2O_at_fixed_mu_MnOH2,-0.95,-1.75023235
mu_H2O_at_fixed_mu_MnOH2,-0.9,-1.70023235
mu_H2O_at_fixed_mu_MnOH2,-0.85,-1.65023235
mu_H2O_at_fixed_mu_MnOH2,-0.8,-1.60023235
mu_H2O_at_fixed_mu_MnOH2,-0.75,-1.55023235
mu_H2O_at_fixed_mu_MnOH2,-0.7,-1.50023235
mu_H2O_at_fixed_mu_MnOH2,-0.65,-1.45023235
mu_H2O_at_fixed_mu_MnOH2,-0.6,-1.40023235
mu_H2O_at_fixed_mu_MnOH2,-0.55,-1.35023235
mu_H2O_at_fixed_mu_MnOH2,-0.5,-1.30023235
mu_H2O_at_fixed_mu_MnOH2,-0.45,-1.25023235
mu_H2O_at_fixed_mu_MnOH2,-0.4,-1.20023235
mu_H2O_at_fixed_mu_MnOH2,-0.4,-0.362979617
mu_H2O_at_fixed_mu_MnOH2,-0.4,-0.296689586
mu_H2O_at_fixed_mu_MnOH2,-0.35,-1.15023235
mu_H2O_at_fixed_mu_MnOH2,-0.35,-0.362979617
mu_H2O_at_fixed_mu_MnOH2,-0.35,-0.246689586
mu_H2O_at_fixed_mu_MnOH2,-0.3,-1.10023235
mu_H2O_at_fixed_mu_MnOH2,-0.3,-0.362979617
mu_H2O_at_fixed_mu_MnOH2,-0.3,-0.196689586
mu_H2O_at_fixed_mu_MnOH2,-0.25,-1.05023235
mu_H2O_at_fixed_mu_MnOH2,-0.25,-0.362979617
mu_H2O_at_fixed_mu_MnOH2,-0.25,-0.146689586
mu_H2O_at_fixed_mu_MnOH2,-0.2,-1.00023235
mu_H2O_at_fixed_mu_MnOH2,-0.2,-0.362979617
mu_H2O_at_fixed_mu_MnOH2,-0.2,-0.096689586
mu_H2O_at_fixed_mu_MnOH2,-0.15,-0.95023235
mu_H2O_at_fixed_mu_MnOH2,-0.15,-0.362979617
mu_H2O_at_fixed_mu_MnOH2,-0.15,-0.046689586
mu_H2O_at_fixed_mu_MnOH2,-0.1,-0.90023235
mu_H2O_at_fixed_mu_MnOH2,-0.1,-0.362979617
mu_H2O_at_fixed_mu_MnOH2,-0.05,-0.85023235
mu_H2O_at_fixed_mu_MnOH2,-0.05,-0.362979617
mu_H2O_at_fixed_mu_MnOH2,0,-0.80023235
mu_H2O_at_fixed_mu_MnOH2,0,-0.362979617
mu_MnOH2_at_fixed_mu_H2O,-4,-1.05325566
mu_MnOH2_at_fixed_mu_H2O,-3.95,-1.05325566
mu_MnOH2_at_fixed_mu_H2O,-3.9,-1.05325566
mu_MnOH2_at_fixed_mu_H2O,-3.85,-1.05325566
mu_MnOH2_at_fixed_mu_H2O,-3.8,-1.05325566
mu_MnOH2_at_fixed_mu_H2O,-3.75,-1.05325566
mu_MnOH2_at_fixed_mu_H2O,-3.7,-1.05325566
mu_MnOH2_at_fixed_mu_H2O,-3.65,-1.05325566
mu_MnOH2_at_fixed_mu_H2O,-3.6,-1.05325566
mu_MnOH2_at_fixed_mu_H2O,-3.55,-1.05325566
mu_MnOH2_at_fixed_mu_H2O,-3.5,-1.05325566
mu_MnOH2_at_fixed_mu_H2O,-3.45,-1.05325566
mu_MnOH2_at_fixed_mu_H2O,-3.4,-1.05325566
mu_MnOH2_at_fixed_mu_H2O,-3.35,-1.05325566
mu_MnOH2_at_fixed_mu_H2O,-3.3,-1.05325566
mu_MnOH2_at_fixed_mu_H2O,-3.25,-1.05325566
mu_MnOH2_at_fixed_mu_H2O,-3.2,-1.05325566
mu_MnOH2_at_fixed_mu_H2O,-3.15,-1.05325566
mu_MnOH2_at_fixed_mu_H2O,-3.1,-1.05325566
mu_MnOH2_at_fixed_mu_H2O,-3.05,-1.05325566
mu_MnOH2_at_fixed_mu_H2O,-3,-1.05325566
mu_MnOH2_at_fixed_mu_H2O,-2.95,-1.05325566
mu_MnOH2_at_fixed_mu_H2O,-2.9,-1.05325566
mu_MnOH2_at_fixed_mu_H2O,-2.85,-1.05325566
mu_MnOH2_at_fixed_mu_H2O,-2.8,-1.05325566
mu_MnOH2_at_fixed_mu_H2O,-2.75,-1.05325566
mu_MnOH2_at_fixed_mu_H2O,-2.7,-1.05325566
mu_MnOH2_at_fixed_mu_H2O,-2.65,-1.05325566
mu_MnOH2_at_fixed_mu_H2O,-2.6,-1.05325566
mu_MnOH2_at_fixed_mu_H2O,-2.55,-1.05325566
mu_MnOH2_at_fixed_mu_H2O,-2.5,-1.05325566
mu_MnOH2_at_fixed_mu_H2O,-2.45,-1.07253133
mu_MnOH2_at_fixed_mu_H2O,-2.4,-2.67315233
mu_MnOH2_at_fixed_mu_H2O,-2.35,-2.63472985
mu_MnOH2_at_fixed_mu_H2O,-2.3,-2.58472985
mu_MnOH2_at_fixed_mu_H2O,-2.25,-2.53472985
mu_MnOH2_at_fixed_mu_H2O,-2.2,-2.48472985
mu_MnOH2_at_fixed_mu_H2O,-2.15,-2.43472985
mu_MnOH2_at_fixed_mu_H2O,-2.1,-2.38472985
mu_MnOH2_at_fixed_mu_H2O,-2.05,-2.33472985
mu_MnOH2_at_fixed_mu_H2O,-2,-2.28472985
mu_MnOH2_at_fixed_mu_H2O,-1.95,-2.23472985
mu_MnOH2_at_fixed_mu_H2O,-1.9,-2.17555225
mu_MnOH2_at_fixed_mu_H2O,-1.85,-2.07374908
mu_MnOH2_at_fixed_mu_H2O,-1.8,-0.99976765
mu_MnOH2_at_fixed_mu_H2O,-1.75,-0.94976765
mu_MnOH2_at_fixed_mu_H2O,-1.7,-0.89976765
mu_MnOH2_at_fixed_mu_H2O,-1.65,-0.84976765
mu_MnOH2_at_fixed_mu_H2O,-1.6,-0.79976765
mu_MnOH2_at_fixed_mu_H2O,-1.55,-0.74976765
mu_MnOH2_at_fixed_mu_H2O,-1.5,-0.69976765
mu_MnOH2_at_fixed_mu_H2O,-1.45,-0.64976765
mu_MnOH2_at_fixed_mu_H2O,-1.4,-0.59976765
mu_MnOH2_at_fixed_mu_H2O,-1.35,-0.54976765
mu_MnOH2_at_fixed_mu_H2O,-1.3,-0.49976765
mu_MnOH2_at_fixed_mu_H2O,-1.25,-0.44976765
mu_MnOH2_at_fixed_mu_H2O,-1.2,-0.39976765
mu_MnOH2_at_fixed_mu_H2O,-1.15,-0.34976765
mu_MnOH2_at_fixed_mu_H2O,-1.1,-0.29976765
mu_MnOH2_at_fixed_mu_H2O,-1.05,-0.24976765
mu_MnOH2_at_fixed_mu_H2O,-1,-0.19976765
mu_MnOH2_at_fixed_mu_H2O,-0.95,-0.14976765
mu_MnOH2_at_fixed_mu_H2O,-0.9,-0.0997676501
mu_MnOH2_at_fixed_mu_H2O,-0.85,-0.0497676501
mu_MnOH2_at_fixed_mu_H2O,-0.35,-0.419792884
mu_MnOH2_at_fixed_mu_H2O,-0.3,-0.403310414
mu_MnOH2_at_fixed_mu_H2O,-0.25,-0.353310414
mu_MnOH2_at_fixed_mu_H2O,-0.2,-0.303310414
mu_MnOH2_at_fixed_mu_H2O,-0.15,-0.253310414
mu_MnOH2_at_fixed_mu_H2O,-0.1,-0.203310414
mu_MnOH2_at_fixed_mu_H2O,-0.05,-0.153310414
mu_MnOH2_at_fixed_mu_H2O,0,-0.103310414
