surface,region,path_id,grid_points,mu_MnOH2_min_eV,mu_MnOH2_max_eV,mu_H2O_min_eV,mu_H2O_max_eV,states,mechanisms
001,R001,P00001,640,-0.95,0,-4,-2.45,S000 -> S001 -> S101 -> S102 -> S112 -> S212 -> S222 -> S322,SR -> OL -> SR -> C -> OL -> C -> OL
001,R002,P00002,303,-0.95,0,-2.4,-1.35,S000 -> S001 -> S101 -> S102 -> S112 -> S212 -> S312 -> S322,SR -> OL -> SR -> C -> OL -> OL -> C
001,R003,P00003,654,-4,-1.95,-1.65,0,S000 -> S001 -> S101 -> S102 -> S112 -> S212 -> S322,SR -> OL -> SR -> C -> OL -> OX
001,R004,P00007,22,-3.4,-3.05,-1.9,-1.55,S000 -> S001 -> S101 -> S102 -> S202 -> S212 -> S322,SR -> OL -> SR -> OL -> C -> OX
001,R005,P00009,652,-1.9,-0.45,-1.6,0,S000 -> S001 -> S101 -> S102 -> S202 -> S312 -> S322,SR -> OL -> SR -> OL -> OX -> C
001,R006,P00012,39,-3.9,-3.25,-2.4,-1.95,S000 -> S001 -> S101 -> S102 -> S212 -> S322,SR -> OL -> SR -> OX -> OX
001,R007,P00015,384,-4,-2.45,-1.2,-0.15,S000 -> S001 -> S101 -> S111 -> S112 -> S212 -> S322,SR -> OL -> C -> SR -> OL -> OX
001,R008,P00037,7,-0.7,-0.6,-0.1,0,S000 -> S001 -> S101 -> S201 -> S211 -> S311 -> S312 -> S322,SR -> OL -> OL -> C -> OL -> SR -> C
001,R009,P00047,330,-4,-3,-1.5,-0.75,S000 -> S001 -> S101 -> S211 -> S212 -> S322,SR -> OL -> OX -> SR -> OX
001,R010,P00053,32,-1,-1,-4,-2.45,S000 -> S001 -> S111 -> S112 -> S212 -> S222 -> S322,SR -> OX -> SR -> OL -> C -> OL
001,R011,P00054,338,-1.9,-1,-2.4,-1.55,S000 -> S001 -> S111 -> S112 -> S212 -> S312 -> S322,SR -> OX -> SR -> OL -> OL -> C
001,R012,P00055,355,-4,-1.95,-2.4,-1.55,S000 -> S001 -> S111 -> S112 -> S212 -> S322,SR -> OX -> SR -> OL -> OX
001,R013,P00056,1405,-4,-1.05,-4,-2.45,S000 -> S001 -> S111 -> S112 -> S222 -> S322,SR -> OX -> SR -> OX -> OL
001,R014,P00058,11,-1,-1,-1.55,-1.05,S000 -> S001 -> S111 -> S211 -> S212 -> S312 -> S322,SR -> OX -> OL -> SR -> OL -> C
001,R015,P00061,2,-1,-1,-0.85,-0.8,S000 -> S001 -> S111 -> S211 -> S221 -> S321 -> S322,SR -> OX -> OL -> C -> OL -> SR
001,R016,P00064,108,-1.7,-1,-1.5,-0.85,S000 -> S001 -> S111 -> S211 -> S321 -> S322,SR -> OX -> OL -> OX -> SR
001,R017,P00065,357,-4,-2.8,-4,-2.35,S000 -> S001 -> S111 -> S221 -> S222 -> S322,SR -> OX -> OX -> SR -> OL
001,R018,P00066,4,-1.15,-1,-0.9,-0.75,S000 -> S001 -> S111 -> S221 -> S321 -> S322,SR -> OX -> OX -> OL -> SR
001,R019,P00075,81,-0.55,0,-0.35,0,S000 -> S100 -> S101 -> S102 -> S202 -> S312 -> S322,OL -> SR -> SR -> OL -> OX -> C
001,R020,P00103,7,-0.6,-0.4,-0.05,0,S000 -> S100 -> S101 -> S201 -> S211 -> S311 -> S312 -> S322,OL -> SR -> OL -> C -> OL -> SR -> C
001,R021,P00210,202,-3.3,-2,-2.3,-1.7,S000 -> S110 -> S111 -> S112 -> S212 -> S322,OX -> SR -> SR -> OL -> OX
001,R022,P00213,93,-0.95,0,-1.65,-0.4,S000 -> S110 -> S111 -> S211 -> S212 -> S312 -> S322,OX -> SR -> OL -> SR -> OL -> C
001,R023,P00216,275,-0.7,0,-1.5,-0.4,S000 -> S110 -> S111 -> S211 -> S221 -> S321 -> S322,OX -> SR -> OL -> C -> OL -> SR
001,R024,P00219,30,-0.9,-0.65,-1.5,-1.2,S000 -> S110 -> S111 -> S211 -> S321 -> S322,OX -> SR -> OL -> OX -> SR
001,R025,P00220,230,-3.8,-2.85,-3.1,-2.2,S000 -> S110 -> S111 -> S221 -> S222 -> S322,OX -> SR -> OX -> SR -> OL
011,R001,P00007,32,-0.35,0,-0.4,0,S000 -> S001 -> S002 -> S102 -> S112 -> S212 -> S222 -> S322 -> S323 -> S324 -> S424 -> S524 -> S534 -> S644,SR -> SR -> OL -> C -> OL -> C -> OL -> SR -> SR -> OL -> OL -> C -> OX
011,R002,P00012,73,-0.65,-0.15,-0.4,-0.05,S000 -> S001 -> S002 -> S102 -> S112 -> S212 -> S222 -> S322 -> S323 -> S324 -> S424 -> S534 -> S644,SR -> SR -> OL -> C -> OL -> C -> OL -> SR -> SR -> OL -> OX -> OX
011,R003,P00019,4,-0.75,-0.65,-0.3,-0.25,S000 -> S001 -> S002 -> S102 -> S112 -> S212 -> S222 -> S322 -> S323 -> S423 -> S424 -> S434 -> S534 -> S644,SR -> SR -> OL -> C -> OL -> C -> OL -> SR -> OL -> SR -> C -> OL -> OX
011,R004,P00023,8,-0.6,-0.4,-0.2,0,S000 -> S001 -> S002 -> S102 -> S112 -> S212 -> S222 -> S322 -> S323 -> S423 -> S424 -> S524 -> S534 -> S644,SR -> SR -> OL -> C -> OL -> C -> OL -> SR -> OL -> SR -> OL -> C -> OX
011,R005,P00028,2,-0.65,-0.6,-0.2,-0.15,S000 -> S001 -> S002 -> S102 -> S112 -> S212 -> S222 -> S322 -> S323 -> S423 -> S424 -> S534 -> S644,SR -> SR -> OL -> C -> OL -> C -> OL -> SR -> OL -> SR -> OX -> OX
011,R006,P00875,7,-0.75,-0.45,-0.7,-0.7,S000 -> S001 -> S002 -> S102 -> S112 -> S212 -> S322 -> S432 -> S433 -> S434 -> S534 -> S544 -> S644,SR -> SR -> OL -> C -> OL -> OX -> OX -> SR -> SR -> OL -> C -> OL
011,R007,P02719,37,-0.4,0,-0.7,-0.45,S000 -> S001 -> S002 -> S102 -> S202 -> S312 -> S422 -> S423 -> S424 -> S434 -> S534 -> S544 -> S644,SR -> SR -> OL -> OL -> OX -> OX -> SR -> SR -> C -> OL -> C -> OL
011,R008,P02721,5,-0.05,0,-0.65,-0.45,S000 -> S001 -> S002 -> S102 -> S202 -> S312 -> S422 -> S423 -> S424 -> S434 -> S534 -> S644,SR -> SR -> OL -> OL -> OX -> OX -> SR -> SR -> C -> OL -> OX
011,R009,P02725,4,0,0,-0.6,-0.45,S000 -> S001 -> S002 -> S102 -> S202 -> S312 -> S422 -> S423 -> S424 -> S524 -> S534 -> S644,SR -> SR -> OL -> OL -> OX -> OX -> SR -> SR -> OL -> C -> OX
011,R010,P03778,413,-0.3,0,-4,-0.95,S000 -> S001 -> S002 -> S112 -> S212 -> S222 -> S322 -> S323 -> S324 -> S434 -> S534 -> S544 -> S644,SR -> SR -> OX -> OL -> C -> OL -> SR -> SR -> OX -> OL -> C -> OL
011,R011,P03989,49,-0.3,0,-1.2,-0.75,S000 -> S001 -> S002 -> S112 -> S212 -> S222 -> S322 -> S432 -> S433 -> S434 -> S534 -> S544 -> S644,SR -> SR -> OX -> OL -> C -> OL -> OX -> SR -> SR -> OL -> C -> OL
011,R012,P04429,364,-0.65,-0.35,-4,-1.3,S000 -> S001 -> S002 -> S112 -> S212 -> S322 -> S323 -> S324 -> S434 -> S534 -> S544 -> S644,SR -> SR -> OX -> OL -> OX -> SR -> SR -> OX -> OL -> C -> OL
011,R013,P04640,192,-1.15,-0.35,-1.55,-0.75,S000 -> S001 -> S002 -> S112 -> S212 -> S322 -> S432 -> S433 -> S434 -> S534 -> S544 -> S644,SR -> SR -> OX -> OL -> OX -> OX -> SR -> SR -> OL -> C -> OL
011,R014,P06106,4,-1.85,-1.7,-0.45,-0.4,S000 -> S001 -> S101 -> S102 -> S202 -> S212 -> S222 -> S322 -> S323 -> S423 -> S424 -> S434 -> S534 -> S644,SR -> OL -> SR -> OL -> C -> C -> OL -> SR -> OL -> SR -> C -> OL -> OX
011,R015,P06755,73,-2.85,-2.1,-1,-0.55,S000 -> S001 -> S101 -> S102 -> S202 -> S212 -> S322 -> S323 -> S423 -> S424 -> S434 -> S534 -> S544 -> S644,SR -> OL -> SR -> OL -> C -> OX -> SR -> OL -> SR -> C -> OL -> C -> OL
011,R016,P06757,19,-2.05,-1.8,-0.75,-0.5,S000 -> S001 -> S101 -> S102 -> S202 -> S212 -> S322 -> S323 -> S423 -> S424 -> S434 -> S534 -> S644,SR -> OL -> SR -> OL -> C -> OX -> SR -> OL -> SR -> C -> OL -> OX
011,R017,P06758,14,-2.3,-2.1,-1,-0.8,S000 -> S001 -> S101 -> S102 -> S202 -> S212 -> S322 -> S323 -> S423 -> S424 -> S434 -> S544 -> S644,SR -> OL -> SR -> OL -> C -> OX -> SR -> OL -> SR -> C -> OX -> OL
011,R018,P06764,60,-3.2,-2.4,-1.25,-1.05,S000 -> S001 -> S101 -> S102 -> S202 -> S212 -> S322 -> S323 -> S423 -> S424 -> S534 -> S544 -> S644,SR -> OL -> SR -> OL -> C -> OX -> SR -> OL -> SR -> OX -> C -> OL
011,R019,P06779,6,-2.45,-2.25,-1.15,-1.05,S000 -> S001 -> S101 -> S102 -> S202 -> S212 -> S322 -> S323 -> S423 -> S433 -> S543 -> S544 -> S644,SR -> OL -> SR -> OL -> C -> OX -> SR -> OL -> C -> OX -> SR -> OL
011,R020,P06974,1,-2.6,-2.6,-1.25,-1.25,S000 -> S001 -> S101 -> S102 -> S202 -> S212 -> S322 -> S432 -> S433 -> S543 -> S544 -> S644,SR -> OL -> SR -> OL -> C -> OX -> OX -> SR -> OX -> SR -> OL
011,R021,P07811,1,-3.3,-3.3,-1.3,-1.3,S000 -> S001 -> S101 -> S102 -> S212 -> S222 -> S322 -> S323 -> S423 -> S424 -> S534 -> S544 -> S644,SR -> OL -> SR -> OX -> C -> OL -> SR -> OL -> SR -> OX -> C -> OL
011,R022,P08462,292,-4,-2.65,-2.45,-1.3,S000 -> S001 -> S101 -> S102 -> S212 -> S322 -> S323 -> S423 -> S424 -> S534 -> S544 -> S644,SR -> OL -> SR -> OX -> OX -> SR -> OL -> SR -> OX -> C -> OL
011,R023,P08477,18,-2.9,-2.3,-1.6,-1.1,S000 -> S001 -> S101 -> S102 -> S212 -> S322 -> S323 -> S423 -> S433 -> S543 -> S544 -> S644,SR -> OL -> SR -> OX -> OX -> SR -> OL -> C -> OX -> SR -> OL
011,R024,P08505,29,-4,-3.2,-2.55,-1.85,S000 -> S001 -> S101 -> S102 -> S212 -> S322 -> S323 -> S433 -> S434 -> S534 -> S544 -> S644,SR -> OL -> SR -> OX -> OX -> SR -> OX -> SR -> OL -> C -> OL
011,R025,P08508,49,-3.4,-2.1,-2.1,-1,S000 -> S001 -> S101 -> S102 -> S212 -> S322 -> S323 -> S433 -> S434 -> S544 -> S644,SR -> OL -> SR -> OX -> OX -> SR -> OX -> SR -> OX -> OL
011,R026,P08672,9,-4,-3.7,-2.65,-2.35,S000 -> S001 -> S101 -> S102 -> S212 -> S322 -> S432 -> S433 -> S543 -> S544 -> S644,SR -> OL -> SR -> OX -> OX -> OX -> SR -> OX -> SR -> OL
011,R027,P22549,135,-0.8,-0.7,-4,-1.75,S000 -> S001 -> S111 -> S211 -> S212 -> S322 -> S323 -> S324 -> S434 -> S534 -> S544 -> S644,SR -> OX -> OL -> SR -> OX -> SR -> SR -> OX -> OL -> C -> OL
011,R028,P22552,946,-2.95,-0.85,-4,-1.9,S000 -> S001 -> S111 -> S211 -> S212 -> S322 -> S323 -> S324 -> S434 -> S544 -> S644,SR -> OX -> OL -> SR -> OX -> SR -> SR -> OX -> OX -> OL
011,R029,P24279,212,-4,-2.1,-2.95,-1.1,S000 -> S001 -> S111 -> S221 -> S222 -> S322 -> S323 -> S433 -> S434 -> S544 -> S644,SR -> OX -> OX -> SR -> OL -> SR -> OX -> SR -> OX -> OL
011,R030,P24736,7,-0.8,-0.7,-0.25,0,S000 -> S100 -> S101 -> S102 -> S112 -> S212 -> S222 -> S322 -> S323 -> S423 -> S424 -> S434 -> S534 -> S644,OL -> SR -> SR -> C -> OL -> C -> OL -> SR -> OL -> SR -> C -> OL -> OX
011,R031,P24740,5,-0.65,-0.5,-0.05,0,S000 -> S100 -> S101 -> S102 -> S112 -> S212 -> S222 -> S322 -> S323 -> S423 -> S424 -> S524 -> S534 -> S644,OL -> SR -> SR -> C -> OL -> C -> OL -> SR -> OL -> SR -> OL -> C -> OX
011,R032,P24745,7,-0.7,-0.55,-0.2,-0.05,S000 -> S100 -> S101 -> S102 -> S112 -> S212 -> S222 -> S322 -> S323 -> S423 -> S424 -> S534 -> S644,OL -> SR -> SR -> C -> OL -> C -> OL -> SR -> OL -> SR -> OX -> OX
011,R033,P25897,9,-0.95,-0.75,-0.15,0,S000 -> S100 -> S101 -> S102 -> S202 -> S212 -> S222 -> S322 -> S323 -> S423 -> S424 -> S434 -> S534 -> S644,OL -> SR -> SR -> OL -> C -> C -> OL -> SR -> OL -> SR -> C -> OL -> OX
011,R034,P26548,1,-1,-1,-0.15,-0.15,S000 -> S100 -> S101 -> S102 -> S202 -> S212 -> S322 -> S323 -> S423 -> S424 -> S434 -> S534 -> S644,OL -> SR -> SR -> OL -> C -> OX -> SR -> OL -> SR -> C -> OL -> OX
011,R035,P26753,31,-1.45,-0.85,-0.65,-0.2,S000 -> S100 -> S101 -> S102 -> S202 -> S212 -> S322 -> S432 -> S433 -> S434 -> S534 -> S544 -> S644,OL -> SR -> SR -> OL -> C -> OX -> OX -> SR -> SR -> OL -> C -> OL
011,R036,P26755,2,-1.05,-1,-0.2,-0.2,S000 -> S100 -> S101 -> S102 -> S202 -> S212 -> S322 -> S432 -> S433 -> S434 -> S534 -> S644,OL -> SR -> SR -> OL -> C -> OX -> OX -> SR -> SR -> OL -> OX
011,R037,P27404,38,-1.05,-0.7,-0.65,-0.2,S000 -> S100 -> S101 -> S102 -> S202 -> S312 -> S322 -> S432 -> S433 -> S434 -> S534 -> S544 -> S644,OL -> SR -> SR -> OL -> OX -> C -> OX -> SR -> SR -> OL -> C -> OL
011,R038,P27436,42,-0.8,-0.35,-0.65,-0.45,S000 -> S100 -> S101 -> S102 -> S202 -> S312 -> S422 -> S423 -> S424 -> S434 -> S534 -> S544 -> S644,OL -> SR -> SR -> OL -> OX -> OX -> SR -> SR -> C -> OL -> C -> OL
011,R039,P30311,47,-2,-1.15,-0.75,-0.25,S000 -> S100 -> S101 -> S111 -> S211 -> S212 -> S322 -> S323 -> S423 -> S424 -> S434 -> S534 -> S544 -> S644,OL -> SR -> C -> OL -> SR -> OX -> SR -> OL -> SR -> C -> OL -> C -> OL
011,R040,P30313,5,-1.2,-1.05,-0.2,-0.15,S000 -> S100 -> S101 -> S111 -> S211 -> S212 -> S322 -> S323 -> S423 -> S424 -> S434 -> S534 -> S644,OL -> SR -> C -> OL -> SR -> OX -> SR -> OL -> SR -> C -> OL -> OX
011,R041,P30518,15,-1.6,-1.2,-0.6,-0.3,S000 -> S100 -> S101 -> S111 -> S211 -> S212 -> S322 -> S432 -> S433 -> S434 -> S534 -> S544 -> S644,OL -> SR -> C -> OL -> SR -> OX -> OX -> SR -> SR -> OL -> C -> OL
011,R042,P30522,1,-1.65,-1.65,-0.6,-0.6,S000 -> S100 -> S101 -> S111 -> S211 -> S212 -> S322 -> S432 -> S433 -> S533 -> S534 -> S544 -> S644,OL -> SR -> C -> OL -> SR -> OX -> OX -> SR -> OL -> SR -> C -> OL
011,R043,P31028,29,-1.45,-0.75,-0.8,-0.2,S000 -> S100 -> S101 -> S111 -> S211 -> S221 -> S321 -> S322 -> S432 -> S433 -> S434 -> S534 -> S544 -> S644,OL -> SR -> C -> OL -> C -> OL -> SR -> OX -> SR -> SR -> OL -> C -> OL
011,R044,P31934,23,-1.5,-0.95,-0.9,-0.55,S000 -> S100 -> S101 -> S111 -> S211 -> S321 -> S322 -> S432 -> S433 -> S434 -> S534 -> S544 -> S644,OL -> SR -> C -> OL -> OX -> SR -> OX -> SR -> SR -> OL -> C -> OL
011,R045,P31938,2,-1.6,-1.55,-1,-0.95,S000 -> S100 -> S101 -> S111 -> S211 -> S321 -> S322 -> S432 -> S433 -> S533 -> S534 -> S544 -> S644,OL -> SR -> C -> OL -> OX -> SR -> OX -> SR -> OL -> SR -> C -> OL
011,R046,P31982,28,-2.4,-1.4,-0.6,-0.25,S000 -> S100 -> S101 -> S111 -> S221 -> S222 -> S322 -> S323 -> S423 -> S424 -> S434 -> S534 -> S544 -> S644,OL -> SR -> C -> OX -> SR -> OL -> SR -> OL -> SR -> C -> OL -> C -> OL
011,R047,P31984,13,-1.4,-1.05,-0.2,0,S000 -> S100 -> S101 -> S111 -> S221 -> S222 -> S322 -> S323 -> S423 -> S424 -> S434 -> S534 -> S644,OL -> SR -> C -> OX -> SR -> OL -> SR -> OL -> SR -> C -> OL -> OX
011,R048,P32104,50,-4,-1.55,0,0,S000 -> S100 -> S101 -> S111 -> S221 -> S222 -> S322 -> S422 -> S432 -> S433 -> S533 -> S534 -> S544 -> S644,OL -> SR -> C -> OX -> SR -> OL -> OL -> C -> SR -> OL -> SR -> C -> OL
011,R049,P32106,10,-1.5,-1.1,-0.05,0,S000 -> S100 -> S101 -> S111 -> S221 -> S222 -> S322 -> S422 -> S432 -> S433 -> S533 -> S534 -> S644,OL -> SR -> C -> OX -> SR -> OL -> OL -> C -> SR -> OL -> SR -> OX
011,R050,P32193,588,-4,-1.45,-0.7,-0.05,S000 -> S100 -> S101 -> S111 -> S221 -> S222 -> S322 -> S432 -> S433 -> S533 -> S534 -> S544 -> S644,OL -> SR -> C -> OX -> SR -> OL -> OX -> SR -> OL -> SR -> C -> OL
011,R051,P32195,17,-1.5,-1.2,-0.15,-0.05,S000 -> S100 -> S101 -> S111 -> S221 -> S222 -> S322 -> S432 -> S433 -> S533 -> S534 -> S644,OL -> SR -> C -> OX -> SR -> OL -> OX -> SR -> OL -> SR -> OX
011,R052,P39118,11,-1,-0.8,-0.1,0,S000 -> S100 -> S101 -> S211 -> S221 -> S222 -> S322 -> S323 -> S423 -> S424 -> S434 -> S534 -> S644,OL -> SR -> OX -> C -> SR -> OL -> SR -> OL -> SR -> C -> OL -> OX
011,R053,P68419,6,-0.8,-0.7,-1.8,-1.65,S000 -> S110 -> S111 -> S211 -> S212 -> S322 -> S323 -> S324 -> S434 -> S534 -> S544 -> S644,OX -> SR -> OL -> SR -> OX -> SR -> SR -> OX -> OL -> C -> OL
011,R054,P68422,656,-3.7,-0.85,-4,-1.8,S000 -> S110 -> S111 -> S211 -> S212 -> S322 -> S323 -> S324 -> S434 -> S544 -> S644,OX -> SR -> OL -> SR -> OX -> SR -> SR -> OX -> OX -> OL
011,R055,P68423,9,-2.05,-1.75,-0.85,-0.65,S000 -> S110 -> S111 -> S211 -> S212 -> S322 -> S323 -> S423 -> S424 -> S434 -> S534 -> S544 -> S644,OX -> SR -> OL -> SR -> OX -> SR -> OL -> SR -> C -> OL -> C -> OL
011,R056,P68478,246,-3.9,-1.8,-4,-2,S000 -> S110 -> S111 -> S211 -> S212 -> S322 -> S323 -> S433 -> S434 -> S544 -> S644,OX -> SR -> OL -> SR -> OX -> SR -> OX -> SR -> OX -> OL
011,R057,P68487,40,-3.45,-2.15,-3.4,-2,S000 -> S110 -> S111 -> S211 -> S212 -> S322 -> S323 -> S433 -> S543 -> S544 -> S644,OX -> SR -> OL -> SR -> OX -> SR -> OX -> OX -> SR -> OL
011,R058,P68630,230,-1.9,-0.7,-1.7,-0.65,S000 -> S110 -> S111 -> S211 -> S212 -> S322 -> S432 -> S433 -> S434 -> S534 -> S544 -> S644,OX -> SR -> OL -> SR -> OX -> OX -> SR -> SR -> OL -> C -> OL
011,R059,P68633,152,-2.05,-0.85,-1.95,-1.65,S000 -> S110 -> S111 -> S211 -> S212 -> S322 -> S432 -> S433 -> S434 -> S544 -> S644,OX -> SR -> OL -> SR -> OX -> OX -> SR -> SR -> OX -> OL
011,R060,P68634,163,-2.4,-1.7,-1.9,-0.65,S000 -> S110 -> S111 -> S211 -> S212 -> S322 -> S432 -> S433 -> S533 -> S534 -> S544 -> S644,OX -> SR -> OL -> SR -> OX -> OX -> SR -> OL -> SR -> C -> OL
011,R061,P68636,535,-4,-2.25,-4,-1.55,S000 -> S110 -> S111 -> S211 -> S212 -> S322 -> S432 -> S433 -> S533 -> S534 -> S644,OX -> SR -> OL -> SR -> OX -> OX -> SR -> OL -> SR -> OX
011,R062,P68642,57,-2.85,-2,-2.6,-1.6,S000 -> S110 -> S111 -> S211 -> S212 -> S322 -> S432 -> S433 -> S543 -> S544 -> S644,OX -> SR -> OL -> SR -> OX -> OX -> SR -> OX -> SR -> OL
011,R063,P70046,79,-1.75,-0.95,-1.4,-0.7,S000 -> S110 -> S111 -> S211 -> S321 -> S322 -> S432 -> S433 -> S434 -> S534 -> S544 -> S644,OX -> SR -> OL -> OX -> SR -> OX -> SR -> SR -> OL -> C -> OL
011,R064,P70050,8,-1.8,-1.6,-1.4,-1.05,S000 -> S110 -> S111 -> S211 -> S321 -> S322 -> S432 -> S433 -> S533 -> S534 -> S544 -> S644,OX -> SR -> OL -> OX -> SR -> OX -> SR -> OL -> SR -> C -> OL
011,R065,P70094,24,-2.9,-2.35,-1,-0.65,S000 -> S110 -> S111 -> S221 -> S222 -> S322 -> S323 -> S423 -> S424 -> S434 -> S534 -> S544 -> S644,OX -> SR -> OX -> SR -> OL -> SR -> OL -> SR -> C -> OL -> C -> OL
011,R066,P70100,27,-3.55,-2.9,-1.45,-0.95,S000 -> S110 -> S111 -> S221 -> S222 -> S322 -> S323 -> S423 -> S424 -> S524 -> S534 -> S644,OX -> SR -> OX -> SR -> OL -> SR -> OL -> SR -> OL -> C -> OX
011,R067,P70103,26,-4,-3.4,-1.75,-1.25,S000 -> S110 -> S111 -> S221 -> S222 -> S322 -> S323 -> S423 -> S424 -> S534 -> S544 -> S644,OX -> SR -> OX -> SR -> OL -> SR -> OL -> SR -> OX -> C -> OL
011,R068,P70305,231,-4,-2.55,-1.3,-0.65,S000 -> S110 -> S111 -> S221 -> S222 -> S322 -> S432 -> S433 -> S533 -> S534 -> S544 -> S644,OX -> SR -> OX -> SR -> OL -> OX -> SR -> OL -> SR -> C -> OL
011,R069,P70307,33,-4,-3.6,-1.6,-1.35,S000 -> S110 -> S111 -> S221 -> S222 -> S322 -> S432 -> S433 -> S533 -> S534 -> S644,OX -> SR -> OX -> SR -> OL -> OX -> SR -> OL -> SR -> OX
